[{"id":"user-image-3.png","publicUrl":"np://user.desktop.nicepage.com/Site_2105710370/images/3.png","size":2074253,"hash":"2dWx4D3JC3rUoRx2Mb5ajd8dpJ8=","fileName":"3.png","name":"3","width":1748,"height":1240,"thumbnail":{"url":"np://user.desktop.nicepage.com/Site_2105710370/images/thumbnails/3.png","width":250,"height":177},"folderId":null,"usages":["249413612"]},{"id":"user-image-image18.png","publicUrl":"np://user.desktop.nicepage.com/Site_2105710370/images/image18.png","size":2173508,"hash":"i7YCtih3ZhNvlYRty5OknGIzEuk=","fileName":"image18.png","name":"image18","width":1080,"height":1350,"thumbnail":{"url":"np://user.desktop.nicepage.com/Site_2105710370/images/thumbnails/image18.png","width":200,"height":250},"folderId":null,"usages":["249413612"]},{"id":"user-image-image17.png","publicUrl":"np://user.desktop.nicepage.com/Site_2105710370/images/image17.png","size":2309028,"hash":"IPA2Y4dHdnkFiIvdyTYrqo9VIxI=","fileName":"image17.png","name":"image17","width":1080,"height":1350,"thumbnail":{"url":"np://user.desktop.nicepage.com/Site_2105710370/images/thumbnails/image17.png","width":200,"height":250},"folderId":null,"usages":["249413612"]},{"id":"user-image-image13.png","publicUrl":"np://user.desktop.nicepage.com/Site_2105710370/images/image13.png","size":370423,"hash":"UGzD7vtrfQQZhobrk/moYw9Kaf8=","fileName":"image13.png","name":"image13","width":598,"height":395,"thumbnail":{"url":"np://user.desktop.nicepage.com/Site_2105710370/images/thumbnails/image13.png","width":250,"height":165},"folderId":null,"usages":["38602658"]},{"id":"user-image-image12.png","publicUrl":"np://user.desktop.nicepage.com/Site_2105710370/images/image12.png","size":8571,"hash":"rk8Ck/Y90p83xtw/w6XgCn5Nras=","fileName":"image12.png","name":"image12","width":152,"height":395,"thumbnail":{"url":"np://user.desktop.nicepage.com/Site_2105710370/images/thumbnails/image12.png","width":96,"height":250},"folderId":null,"usages":["2400203402"]},{"id":"user-image-image11.png","publicUrl":"np://user.desktop.nicepage.com/Site_2105710370/images/image11.png","size":193566,"hash":"S5KT+sqxcmX9ILSU3wtr20EjLbw=","fileName":"image11.png","name":"image11","width":341,"height":343,"thumbnail":{"url":"np://user.desktop.nicepage.com/Site_2105710370/images/thumbnails/image11.png","width":249,"height":250},"folderId":null,"usages":["249413612","2400203402","15533714"]},{"id":"user-image-image10.png","publicUrl":"np://user.desktop.nicepage.com/Site_2105710370/images/image10.png","size":175624,"hash":"DDpvalafq1ljMC2ysS6v7lYI0U4=","fileName":"image10.png","name":"image10","width":466,"height":339,"thumbnail":{"url":"np://user.desktop.nicepage.com/Site_2105710370/images/thumbnails/image10.png","width":250,"height":182},"folderId":null,"usages":["96512885"]},{"id":"user-image-image9.png","publicUrl":"np://user.desktop.nicepage.com/Site_2105710370/images/image9.png","size":87316,"hash":"z/Xf+LhUuRMg33o7t6eXvsKnCIc=","fileName":"image9.png","name":"image9","width":413,"height":259,"thumbnail":{"url":"np://user.desktop.nicepage.com/Site_2105710370/images/thumbnails/image9.png","width":250,"height":157},"folderId":null,"usages":["96512885"]},{"id":"user-image-image8.png","publicUrl":"np://user.desktop.nicepage.com/Site_2105710370/images/image8.png","size":68134,"hash":"116sam5YzX5xGB6yARfIiQsow3I=","fileName":"image8.png","name":"image8","width":349,"height":215,"thumbnail":{"url":"np://user.desktop.nicepage.com/Site_2105710370/images/thumbnails/image8.png","width":250,"height":154},"folderId":null,"usages":["249413612","15533714"]},{"id":"user-image-image7.png","publicUrl":"np://user.desktop.nicepage.com/Site_2105710370/images/image7.png","size":1468565,"hash":"1sdUddbrFgHaw8DX4WDXwDGPCfE=","fileName":"image7.png","name":"image7","width":1204,"height":684,"thumbnail":{"url":"np://user.desktop.nicepage.com/Site_2105710370/images/thumbnails/image7.png","width":250,"height":142},"folderId":null,"usages":["892813145"]},{"id":"user-image-image6.png","publicUrl":"np://user.desktop.nicepage.com/Site_2105710370/images/image6.png","size":1428878,"hash":"HIXtYzVnLLz8xJNM16rfjda7OtA=","fileName":"image6.png","name":"image6","width":1149,"height":813,"thumbnail":{"url":"np://user.desktop.nicepage.com/Site_2105710370/images/thumbnails/image6.png","width":250,"height":177},"folderId":null,"usages":["273306608"]},{"id":"user-image-image5.png","publicUrl":"np://user.desktop.nicepage.com/Site_2105710370/images/image5.png","size":1086856,"hash":"q+vQEnbx8F8nQhfYA/31oTtCME4=","fileName":"image5.png","name":"image5","width":945,"height":629,"thumbnail":{"url":"np://user.desktop.nicepage.com/Site_2105710370/images/thumbnails/image5.png","width":250,"height":166},"folderId":null,"usages":["102552242"]},{"id":"user-image-image4.png","publicUrl":"np://user.desktop.nicepage.com/Site_2105710370/images/image4.png","size":1417778,"hash":"qyBwiJQpDa3I1PtH6m+YK1NvXsQ=","fileName":"image4.png","name":"image4","width":1142,"height":651,"thumbnail":{"url":"np://user.desktop.nicepage.com/Site_2105710370/images/thumbnails/image4.png","width":250,"height":143},"folderId":null,"usages":["383400073"]},{"id":"user-image-image3.png","publicUrl":"np://user.desktop.nicepage.com/Site_2105710370/images/image3.png","size":1862850,"hash":"Z1Hr/ZQxrN4Fj2Ou+bGDfy0Lsbo=","fileName":"image3.png","name":"image3","width":1145,"height":810,"thumbnail":{"url":"np://user.desktop.nicepage.com/Site_2105710370/images/thumbnails/image3.png","width":250,"height":177},"folderId":null,"usages":["383400073"]},{"id":"user-image-image2.png","publicUrl":"np://user.desktop.nicepage.com/Site_2105710370/images/image2.png","size":1343668,"hash":"OuWYlnaj+NQReD+n51ZyONObLsY=","fileName":"image2.png","name":"image2","width":1080,"height":586,"thumbnail":{"url":"np://user.desktop.nicepage.com/Site_2105710370/images/thumbnails/image2.png","width":250,"height":136},"folderId":null,"usages":["510719018"]},{"id":"user-image-image1.png","publicUrl":"np://user.desktop.nicepage.com/Site_2105710370/images/image1.png","size":2237680,"hash":"g65DbKqhwZfIUiN8Y+0uzXtPeVU=","fileName":"image1.png","name":"image1","width":1149,"height":812,"thumbnail":{"url":"np://user.desktop.nicepage.com/Site_2105710370/images/thumbnails/image1.png","width":250,"height":177},"folderId":null,"usages":["510719018"]},{"id":"user-image-image.png","publicUrl":"np://user.desktop.nicepage.com/Site_2105710370/images/image.png","size":1408676,"hash":"uiEyKkD+4Jpivh1kufXZ7zfaXrU=","fileName":"image.png","name":"image","width":1170,"height":634,"thumbnail":{"url":"np://user.desktop.nicepage.com/Site_2105710370/images/thumbnails/image.png","width":250,"height":135},"folderId":null,"usages":["32191737"]},{"id":"user-image-BireyselResim2.png","publicUrl":"np://user.desktop.nicepage.com/Site_2105710370/images/BireyselResim2.png","size":357526,"hash":"bT0LUaut/es/gn6zo06a2syByKk=","fileName":"BireyselResim2.png","name":"BireyselResim2","width":631,"height":308,"thumbnail":{"url":"np://user.desktop.nicepage.com/Site_2105710370/images/thumbnails/BireyselResim2.png","width":250,"height":122},"folderId":null,"usages":["62300471"]},{"id":"user-image-BireyseResim1.png","publicUrl":"np://user.desktop.nicepage.com/Site_2105710370/images/BireyseResim1.png","size":526621,"hash":"v7bgHXskq0yz0mxZNUTuOplRCZY=","fileName":"BireyseResim1.png","name":"BireyseResim1","width":656,"height":436,"thumbnail":{"url":"np://user.desktop.nicepage.com/Site_2105710370/images/thumbnails/BireyseResim1.png","width":250,"height":166},"folderId":null,"usages":["62300471"]},{"id":"user-image-bireysel.png","publicUrl":"np://user.desktop.nicepage.com/Site_2105710370/images/bireysel.png","size":186015,"hash":"vmEXF7C9YtWrbJZW68mnA3lSQes=","fileName":"bireysel.png","name":"bireysel","width":425,"height":301,"thumbnail":{"url":"np://user.desktop.nicepage.com/Site_2105710370/images/thumbnails/bireysel.png","width":250,"height":177},"folderId":null,"usages":["273306608"]},{"id":"user-image-kurumsal.png","publicUrl":"np://user.desktop.nicepage.com/Site_2105710370/images/kurumsal.png","size":2218432,"hash":"RXO3HCfUpjb3Pisr4mR/ParI7ZI=","fileName":"kurumsal.png","name":"kurumsal","width":2245,"height":1367,"thumbnail":{"url":"np://user.desktop.nicepage.com/Site_2105710370/images/thumbnails/kurumsal.png","width":250,"height":152},"folderId":null,"usages":["273306608"]},{"id":"user-image-cocukergen.png","publicUrl":"np://user.desktop.nicepage.com/Site_2105710370/images/cocukergen.png","size":1025088,"hash":"1tD9SpGsx2P18T4IENHBIESQIB0=","fileName":"cocukergen.png","name":"cocukergen","width":1073,"height":705,"thumbnail":{"url":"np://user.desktop.nicepage.com/Site_2105710370/images/thumbnails/cocukergen.png","width":250,"height":164},"folderId":null,"usages":["273306608"]},{"id":"user-image-aile.png","publicUrl":"np://user.desktop.nicepage.com/Site_2105710370/images/aile.png","size":1378062,"hash":"IYvPMEUzmah7L/wd+SB1P5BFhhk=","fileName":"aile.png","name":"aile","width":1068,"height":782,"thumbnail":{"url":"np://user.desktop.nicepage.com/Site_2105710370/images/thumbnails/aile.png","width":250,"height":183},"folderId":null,"usages":["273306608"]},{"id":"user-image-cinsel.png","publicUrl":"np://user.desktop.nicepage.com/Site_2105710370/images/cinsel.png","size":1032367,"hash":"7S/UUMKKmvUavhaXdh3y3xzsGZI=","fileName":"cinsel.png","name":"cinsel","width":1080,"height":715,"thumbnail":{"url":"np://user.desktop.nicepage.com/Site_2105710370/images/thumbnails/cinsel.png","width":250,"height":166},"folderId":null,"usages":["273306608"]},{"id":"user-image-WhatsAppImage2025-01-25at14.13.05.jpeg","publicUrl":"np://user.desktop.nicepage.com/Site_2105710370/images/WhatsAppImage2025-01-25at14.13.05.jpeg","size":167666,"hash":"+uq2caiXWq8DYi5OXIGHqB/2A1U=","fileName":"WhatsAppImage2025-01-25at14.13.05.jpeg","name":"WhatsAppImage2025-01-25at14.13.05","width":1066,"height":1600,"thumbnail":{"url":"np://user.desktop.nicepage.com/Site_2105710370/images/thumbnails/WhatsAppImage2025-01-25at14.13.05.jpeg","width":167,"height":250},"folderId":null,"usages":["249413612"]},{"id":"user-image-hizmetlerimiz.png","publicUrl":"np://user.desktop.nicepage.com/Site_2105710370/images/hizmetlerimiz.png","size":1937131,"hash":"SRlgOlPkfmUelU9aQCCh2K1jtPU=","fileName":"hizmetlerimiz.png","name":"hizmetlerimiz","width":1748,"height":1240,"thumbnail":{"url":"np://user.desktop.nicepage.com/Site_2105710370/images/thumbnails/hizmetlerimiz.png","width":250,"height":177},"folderId":null,"usages":["249413612"]},{"id":"user-image-hizmetler.png","publicUrl":"np://user.desktop.nicepage.com/Site_2105710370/images/hizmetler.png","size":2493344,"hash":"o3uhLbQ1Bvr53xZX8vEyjL5T2ds=","fileName":"hizmetler.png","name":"hizmetler","width":1748,"height":1240,"thumbnail":{"url":"np://user.desktop.nicepage.com/Site_2105710370/images/thumbnails/hizmetler.png","width":250,"height":177},"folderId":null,"usages":["249413612"]},{"id":"user-image-aleynagiris.jpeg","publicUrl":"np://user.desktop.nicepage.com/Site_2105710370/images/aleynagiris.jpeg","size":120320,"hash":"ciU1DdMmp+BuU2mT4qjkmnE8dBs=","fileName":"aleynagiris.jpeg","name":"aleynagiris","width":1000,"height":1500,"thumbnail":{"url":"np://user.desktop.nicepage.com/Site_2105710370/images/thumbnails/aleynagiris.jpeg","width":167,"height":250},"folderId":null,"usages":["60407552","249413612"]},{"id":"user-image-logo.png","publicUrl":"np://user.desktop.nicepage.com/Site_2105710370/images/logo.png","size":27745,"hash":"N/01TbmY+sQngfq8vPcg/IMl8Tk=","fileName":"logo.png","name":"logo","width":436,"height":379,"thumbnail":{"url":"np://user.desktop.nicepage.com/Site_2105710370/images/thumbnails/logo.png","width":250,"height":217},"folderId":null,"usages":[]}]