[{"id":76936967,"title":"Blog Template","order":1,"templateKey":"blog","customTemplate":false,"customTemplateFilename":null,"pageLinks":[],"dateCreated":"2025-01-24T11:06:02.183Z","dateUpdated":"2025-01-24T11:06:06.723Z","folderId":null,"pageName":"Blog Template","serverPageId":null,"sectionCount":1,"status":2,"backwardUrl":null},{"id":18683862,"title":"Post Template","order":2,"templateKey":"post","customTemplate":false,"customTemplateFilename":null,"pageLinks":[],"dateCreated":"2025-01-24T11:06:02.743Z","dateUpdated":"2025-01-24T11:06:06.724Z","folderId":null,"pageName":"Post Template","serverPageId":null,"sectionCount":1,"status":2,"backwardUrl":null},{"id":2801107594,"title":"Product List Template","order":3,"templateKey":"products","customTemplate":false,"customTemplateFilename":null,"pageLinks":[],"dateCreated":"2025-01-24T11:06:03.479Z","dateUpdated":"2025-01-25T17:56:31.030Z","folderId":null,"pageName":"Product List Template","serverPageId":null,"sectionCount":1,"status":2,"backwardUrl":null},{"id":71844403,"title":"Product Details Template","order":4,"templateKey":"product","customTemplate":false,"customTemplateFilename":null,"pageLinks":[],"dateCreated":"2025-01-24T11:06:04.077Z","dateUpdated":"2025-01-24T11:06:06.726Z","folderId":null,"pageName":"Product Details Template","serverPageId":null,"sectionCount":1,"status":2,"backwardUrl":null},{"id":1161815672,"title":"Shopping Cart Template","order":5,"templateKey":"cart","customTemplate":false,"customTemplateFilename":null,"pageLinks":[],"dateCreated":"2025-01-24T11:06:04.437Z","dateUpdated":"2025-01-24T11:06:06.727Z","folderId":null,"pageName":"Shopping Cart Template","serverPageId":null,"sectionCount":1,"status":2,"backwardUrl":null},{"id":90790364,"title":"Checkout Template","order":6,"templateKey":"checkout","customTemplate":false,"customTemplateFilename":null,"pageLinks":[],"dateCreated":"2025-01-24T11:06:04.878Z","dateUpdated":"2025-01-24T11:06:06.727Z","folderId":null,"pageName":"Checkout Template","serverPageId":null,"sectionCount":1,"status":2,"backwardUrl":null},{"id":216716177,"title":"Login Template","order":7,"templateKey":"login","customTemplate":false,"customTemplateFilename":null,"pageLinks":[],"dateCreated":"2025-01-24T11:06:05.141Z","dateUpdated":"2025-01-24T11:06:06.727Z","folderId":null,"pageName":"Login Template","serverPageId":null,"sectionCount":1,"status":2,"backwardUrl":null},{"id":179868225,"title":"Search Page Template","order":8,"templateKey":"Search","customTemplate":false,"customTemplateFilename":null,"pageLinks":[],"dateCreated":"2025-01-24T11:06:05.356Z","dateUpdated":"2025-01-24T11:06:06.728Z","folderId":null,"pageName":"Search Page Template","serverPageId":null,"sectionCount":1,"status":2,"backwardUrl":null},{"id":1922911690,"title":"Page Password Template","order":9,"templateKey":"password","customTemplate":false,"customTemplateFilename":null,"pageLinks":[],"dateCreated":"2025-01-24T11:06:05.627Z","dateUpdated":"2025-01-24T11:06:06.728Z","folderId":null,"pageName":"Page Password Template","serverPageId":null,"sectionCount":1,"status":2,"backwardUrl":null},{"id":563200958,"title":"404 Not Found Template","order":10,"templateKey":"404","customTemplate":false,"customTemplateFilename":null,"pageLinks":[],"dateCreated":"2025-01-24T11:06:05.823Z","dateUpdated":"2025-01-24T11:06:06.728Z","folderId":null,"pageName":"404 Not Found Template","serverPageId":null,"sectionCount":1,"status":2,"backwardUrl":null},{"id":2211428517,"title":"Thank You Page Template","order":11,"templateKey":"ThankYou","customTemplate":false,"customTemplateFilename":null,"pageLinks":[],"dateCreated":"2025-01-24T11:06:05.969Z","dateUpdated":"2025-01-24T11:06:06.728Z","folderId":null,"pageName":"Thank You Page Template","serverPageId":null,"sectionCount":1,"status":2,"backwardUrl":null},{"id":249413612,"title":"Anasayfa","order":102,"templateKey":null,"customTemplate":false,"customTemplateFilename":null,"pageLinks":["96512885","2400203402"],"dateCreated":"2025-01-24T11:12:31.873Z","dateUpdated":"2025-01-30T16:52:44.905Z","folderId":null,"pageName":"Anasayfa_249413612","serverPageId":null,"sectionCount":7,"status":2,"backwardUrl":null},{"id":60407552,"title":"Hakkımda","order":103,"templateKey":null,"customTemplate":false,"customTemplateFilename":null,"pageLinks":[],"dateCreated":"2025-01-26T13:42:20.086Z","dateUpdated":"2025-01-30T15:49:30.941Z","folderId":null,"pageName":"Hakkımda_60407552","serverPageId":null,"sectionCount":7,"status":2,"backwardUrl":null},{"id":273306608,"title":"Hizmetlerim","order":104,"templateKey":null,"customTemplate":false,"customTemplateFilename":null,"pageLinks":["62300471","32191737","510719018","383400073","102552242","892813145"],"dateCreated":"2025-01-26T15:25:46.559Z","dateUpdated":"2025-01-27T20:03:56.259Z","folderId":null,"pageName":"Hizmetlerim_273306608","serverPageId":null,"sectionCount":1,"status":2,"backwardUrl":null},{"id":62300471,"title":"BireyselDanismanlik","order":105,"templateKey":null,"customTemplate":false,"customTemplateFilename":null,"pageLinks":[],"dateCreated":"2025-01-27T18:39:54.692Z","dateUpdated":"2025-01-30T12:06:55.337Z","folderId":null,"pageName":"BireyselDanismanlik_62300471","serverPageId":null,"sectionCount":1,"status":2,"backwardUrl":null},{"id":32191737,"title":"CocukErgen","order":106,"templateKey":null,"customTemplate":false,"customTemplateFilename":null,"pageLinks":[],"dateCreated":"2025-01-27T18:55:01.970Z","dateUpdated":"2025-01-27T19:12:46.201Z","folderId":null,"pageName":"CocukErgen_32191737","serverPageId":null,"sectionCount":1,"status":2,"backwardUrl":null},{"id":510719018,"title":"Aile","order":107,"templateKey":null,"customTemplate":false,"customTemplateFilename":null,"pageLinks":[],"dateCreated":"2025-01-27T19:16:54.450Z","dateUpdated":"2025-01-30T14:44:27.748Z","folderId":null,"pageName":"Aile_510719018","serverPageId":null,"sectionCount":1,"status":2,"backwardUrl":null},{"id":383400073,"title":"CinselDanismanlik","order":108,"templateKey":null,"customTemplate":false,"customTemplateFilename":null,"pageLinks":[],"dateCreated":"2025-01-27T19:26:34.509Z","dateUpdated":"2025-01-27T19:36:14.141Z","folderId":null,"pageName":"CinselDanismanlik_383400073","serverPageId":null,"sectionCount":1,"status":2,"backwardUrl":null},{"id":102552242,"title":"KurumsalDanismanlik","order":109,"templateKey":null,"customTemplate":false,"customTemplateFilename":null,"pageLinks":[],"dateCreated":"2025-01-27T19:39:31.148Z","dateUpdated":"2025-01-27T19:48:17.916Z","folderId":null,"pageName":"KurumsalDanismanlik_102552242","serverPageId":null,"sectionCount":1,"status":2,"backwardUrl":null},{"id":892813145,"title":"TestveEnvanter","order":110,"templateKey":null,"customTemplate":false,"customTemplateFilename":null,"pageLinks":[],"dateCreated":"2025-01-27T19:52:15.553Z","dateUpdated":"2025-01-27T20:01:59.664Z","folderId":null,"pageName":"TestveEnvanter_892813145","serverPageId":null,"sectionCount":1,"status":2,"backwardUrl":null},{"id":96512885,"title":"Blog1","order":111,"templateKey":null,"customTemplate":false,"customTemplateFilename":null,"pageLinks":[],"dateCreated":"2025-01-28T18:16:25.013Z","dateUpdated":"2025-01-30T15:57:14.882Z","folderId":null,"pageName":"Blog1_96512885","serverPageId":null,"sectionCount":4,"status":2,"backwardUrl":null},{"id":2400203402,"title":"Blog2","order":112,"templateKey":null,"customTemplate":false,"customTemplateFilename":null,"pageLinks":[],"dateCreated":"2025-01-28T18:52:27.447Z","dateUpdated":"2025-01-30T16:16:59.680Z","folderId":null,"pageName":"Blog2_2400203402","serverPageId":null,"sectionCount":4,"status":2,"backwardUrl":null},{"id":38602658,"title":"İletisim","order":113,"templateKey":null,"customTemplate":false,"customTemplateFilename":null,"pageLinks":[],"dateCreated":"2025-01-28T19:14:08.020Z","dateUpdated":"2025-01-30T15:47:47.728Z","folderId":null,"pageName":"İletisim_38602658","serverPageId":null,"sectionCount":2,"status":2,"backwardUrl":null},{"id":15533714,"title":"Blog","order":114,"templateKey":null,"customTemplate":false,"customTemplateFilename":null,"pageLinks":["96512885","2400203402"],"dateCreated":"2025-01-28T20:07:58.132Z","dateUpdated":"2025-01-28T20:08:55.485Z","folderId":null,"pageName":"Blog_15533714","serverPageId":null,"sectionCount":1,"status":2,"backwardUrl":null}]